Workbook

Sheet Dashboard
B1: শীট ৪: Dashboard (সারসংক্ষেপ)
B3: বিষয় | C3: KPI সেকশন: | D3: বিষয় | E3: Level ভিত্তিক:
B4: আজকের তারিখ | C4: =TODAY() -> 46301 | D4: L1 Count | E4: =COUNTIF(Problems!D:D,"L1 (Copy)") -> 2
B5: মোট প্রোগ্রাম | C5: =COUNTA(Problems!E:E)-1 -> 5 | D5: L2 Count | E5: =COUNTIF(Problems!D:D,"L2 (Modify)") -> 2
B6: Done | C6: =COUNTIF(Problems!H:H,"✅ Done") -> 0 | D6: L3 Count | E6: =COUNTIF(Problems!D:D,"L3 (Combine)") -> 1
B7: In Progress | C7: =COUNTIF(Problems!H:H, "⏳ In Progress") -> 0 | D7: L4 Count | E7: =COUNTIF(Problems!D:D,"L4 (Create)") -> 0
B8: Not Started | C8: =COUNTIF(Problems!H:H, "⬜ Not Started") -> 1
B9: মোট সময় (ঘন্টা) | C9: =SUM(Problems!G:G)/60 -> 0
B10: আজকের প্রোগ্রাম | C10: =COUNTIF(Problems!B:B,TODAY()) -> 5
B11: সাপ্তাহিক Avg | C11: =COUNTIFS(Problems!B:B,">="&TODAY()-7,Problems!H:H,"✅ Done")/7 -> 0
B12: সাকসেস Rate | C12: =IFERROR(COUNTIF(Problems!H:H,"✅ Done")/COUNTA(Problems!E:E),0) -> 0
B14: বিষয় | C14: Topic ভিত্তিক (Table):
B15: Topic | C15: Count | D15: Time | E15: Done %
B16: Basics | C16: =COUNTIF(Problems!$C:$C,B16) -> 5 | D16: =SUMIF(Problems!$C:$C,B16,Problems!$G:$G) -> 0 | E16: =IFERROR(COUNTIFS(Problems!$C:$C,B16,Problems!$H:$H,"✅ Done")/COUNTIF(Problems!$C:$C,B16),0) -> 0
B17: Operators | C17: =COUNTIF(Problems!$C:$C,B17) -> 0 | D17: =SUMIF(Problems!$C:$C,B17,Problems!$G:$G) -> 0 | E17: =IFERROR(COUNTIFS(Problems!$C:$C,B17,Problems!$H:$H,"✅ Done")/COUNTIF(Problems!$C:$C,B17),0) -> 0
B18: Conditions | C18: =COUNTIF(Problems!$C:$C,B18) -> 0 | D18: =SUMIF(Problems!$C:$C,B18,Problems!$G:$G) -> 0 | E18: =IFERROR(COUNTIFS(Problems!$C:$C,B18,Problems!$H:$H,"✅ Done")/COUNTIF(Problems!$C:$C,B18),0) -> 0
B19: Loops | C19: =COUNTIF(Problems!$C:$C,B19) -> 0 | D19: =SUMIF(Problems!$C:$C,B19,Problems!$G:$G) -> 0 | E19: =IFERROR(COUNTIFS(Problems!$C:$C,B19,Problems!$H:$H,"✅ Done")/COUNTIF(Problems!$C:$C,B19),0) -> 0
B20: Arrays | C20: =COUNTIF(Problems!$C:$C,B20) -> 0 | D20: =SUMIF(Problems!$C:$C,B20,Problems!$G:$G) -> 0 | E20: =IFERROR(COUNTIFS(Problems!$C:$C,B20,Problems!$H:$H,"✅ Done")/COUNTIF(Problems!$C:$C,B20),0) -> 0
B21: Strings | C21: =COUNTIF(Problems!$C:$C,B21) -> 0 | D21: =SUMIF(Problems!$C:$C,B21,Problems!$G:$G) -> 0 | E21: =IFERROR(COUNTIFS(Problems!$C:$C,B21,Problems!$H:$H,"✅ Done")/COUNTIF(Problems!$C:$C,B21),0) -> 0
B22: Functions | C22: =COUNTIF(Problems!$C:$C,B22) -> 0 | D22: =SUMIF(Problems!$C:$C,B22,Problems!$G:$G) -> 0 | E22: =IFERROR(COUNTIFS(Problems!$C:$C,B22,Problems!$H:$H,"✅ Done")/COUNTIF(Problems!$C:$C,B22),0) -> 0
B23: Pointers | C23: =COUNTIF(Problems!$C:$C,B23) -> 0 | D23: =SUMIF(Problems!$C:$C,B23,Problems!$G:$G) -> 0 | E23: =IFERROR(COUNTIFS(Problems!$C:$C,B23,Problems!$H:$H,"✅ Done")/COUNTIF(Problems!$C:$C,B23),0) -> 0
B24: OOP | C24: =COUNTIF(Problems!$C:$C,B24) -> 0 | D24: =SUMIF(Problems!$C:$C,B24,Problems!$G:$G) -> 0 | E24: =IFERROR(COUNTIFS(Problems!$C:$C,B24,Problems!$H:$H,"✅ Done")/COUNTIF(Problems!$C:$C,B24),0) -> 0
B25: STL | C25: =COUNTIF(Problems!$C:$C,B25) -> 0 | D25: =SUMIF(Problems!$C:$C,B25,Problems!$G:$G) -> 0 | E25: =IFERROR(COUNTIFS(Problems!$C:$C,B25,Problems!$H:$H,"✅ Done")/COUNTIF(Problems!$C:$C,B25),0) -> 0
B26: DSA | C26: =COUNTIF(Problems!$C:$C,B26) -> 0 | D26: =SUMIF(Problems!$C:$C,B26,Problems!$G:$G) -> 0 | E26: =IFERROR(COUNTIFS(Problems!$C:$C,B26,Problems!$H:$H,"✅ Done")/COUNTIF(Problems!$C:$C,B26),0) -> 0

Sheet Practice_Log
B1: শীট ৩: Practice_Log (দৈনিক রেকর্ড)
A3: Date | B3: Day | C3: L1_Count | D3: L2_Count | E3: L3_Count | F3: L4_Count | G3: Total | H3: Time_Min | I3: Mood | J3: Notes
B4: =TEXT(A4,"dddd") -> Saturday | G4: =C4+D4+E4+F4 -> 0

Sheet Problems
B1: শীট ১: Problems (মূল শীট)
A3: ID | B3: Date | C3: Topic | D3: Level | E3: Program_Name | F3: Source | G3: Time_Min | H3: Status | I3: Difficulty | J3: Notes | K3: GitHub | L3: Review_1 | M3: Review_2
B4: 46301 | C4: Basics | D4: L1 (Copy) | E4: Hello World | F4: Self | H4: ⬜ Not Started | I4: Easy
B5: 46301 | C5: Basics | D5: L1 (Copy) | E5: My Name
B6: 46301 | C6: Basics | D6: L2 (Modify) | E6: Bio Data
B7: 46301 | C7: Basics | D7: L2 (Modify) | E7: Sum of 2
B8: 46301 | C8: Basics | D8: L3 (Combine) | E8: Average 3

Sheet Topics
A1: শীট ৭: Topics (টপিক-ভিত্তিক অগ্রগতি)
A2: Topic | B2: Total | C2: Done | D2: Progress | E2: Time
A3: Basics | B3: =COUNTIF(Problems!C:C,A3) -> 5 | C3: =COUNTIFS(Problems!C:C,A3,Problems!H:H,"✅ Done") -> 0 | D3: =IF(B3=0,0,C3/B3) -> 0 | E3: =SUMIF(Problems!C:C,A3,Problems!G:G) -> 0
A4: Operators | B4: =COUNTIF(Problems!C:C,A4) -> 0 | C4: =COUNTIFS(Problems!C:C,A4,Problems!H:H,"✅ Done") -> 0 | D4: =IF(B4=0,0,C4/B4) -> 0 | E4: =SUMIF(Problems!C:C,A4,Problems!G:G) -> 0
A5: Conditions | B5: =COUNTIF(Problems!C:C,A5) -> 0 | C5: =COUNTIFS(Problems!C:C,A5,Problems!H:H,"✅ Done") -> 0 | D5: =IF(B5=0,0,C5/B5) -> 0 | E5: =SUMIF(Problems!C:C,A5,Problems!G:G) -> 0
A6: Loops | B6: =COUNTIF(Problems!C:C,A6) -> 0 | C6: =COUNTIFS(Problems!C:C,A6,Problems!H:H,"✅ Done") -> 0 | D6: =IF(B6=0,0,C6/B6) -> 0 | E6: =SUMIF(Problems!C:C,A6,Problems!G:G) -> 0
A7: Arrays | B7: =COUNTIF(Problems!C:C,A7) -> 0 | C7: =COUNTIFS(Problems!C:C,A7,Problems!H:H,"✅ Done") -> 0 | D7: =IF(B7=0,0,C7/B7) -> 0 | E7: =SUMIF(Problems!C:C,A7,Problems!G:G) -> 0
A8: Strings | B8: =COUNTIF(Problems!C:C,A8) -> 0 | C8: =COUNTIFS(Problems!C:C,A8,Problems!H:H,"✅ Done") -> 0 | D8: =IF(B8=0,0,C8/B8) -> 0 | E8: =SUMIF(Problems!C:C,A8,Problems!G:G) -> 0
A9: Functions | B9: =COUNTIF(Problems!C:C,A9) -> 0 | C9: =COUNTIFS(Problems!C:C,A9,Problems!H:H,"✅ Done") -> 0 | D9: =IF(B9=0,0,C9/B9) -> 0 | E9: =SUMIF(Problems!C:C,A9,Problems!G:G) -> 0
A10: Pointers | B10: =COUNTIF(Problems!C:C,A10) -> 0 | C10: =COUNTIFS(Problems!C:C,A10,Problems!H:H,"✅ Done") -> 0 | D10: =IF(B10=0,0,C10/B10) -> 0 | E10: =SUMIF(Problems!C:C,A10,Problems!G:G) -> 0
A11: OOP | B11: =COUNTIF(Problems!C:C,A11) -> 0 | C11: =COUNTIFS(Problems!C:C,A11,Problems!H:H,"✅ Done") -> 0 | D11: =IF(B11=0,0,C11/B11) -> 0 | E11: =SUMIF(Problems!C:C,A11,Problems!G:G) -> 0
A12: STL | B12: =COUNTIF(Problems!C:C,A12) -> 0 | C12: =COUNTIFS(Problems!C:C,A12,Problems!H:H,"✅ Done") -> 0 | D12: =IF(B12=0,0,C12/B12) -> 0 | E12: =SUMIF(Problems!C:C,A12,Problems!G:G) -> 0
A13: DSA | B13: =COUNTIF(Problems!C:C,A13) -> 0 | C13: =COUNTIFS(Problems!C:C,A13,Problems!H:H,"✅ Done") -> 0 | D13: =IF(B13=0,0,C13/B13) -> 0 | E13: =SUMIF(Problems!C:C,A13,Problems!G:G) -> 0

Sheet Journal
A1: শীট ৫: Journal (দৈনিক নোট)
A2: Date | B2: 46300
A3: Programs | B3: 1. Hello World...
A4: Learned | B4: cout basics
A5: Challenge | B5: Semicolon
A6: Tomorrow | B6: 5 programs
A10: তারিখ: 05-Oct-2026
A11: ━━━━━━━━━━━━
A13: আজকের প্রোগ্রাম:
A14: ১. Hello World (L1) - ৫ মিনিট
A15: ২. Bio Data (L2) - ১০ মিনিট
A17: শিখলাম:
A18: cout কীভাবে কাজ করে
A20: চ্যালেঞ্জ:
A21: Semicolon ভুলে গিয়েছিলাম
A23: কালকের লক্ষ্য:
A24: - ৫টি প্রোগ্রাম

Sheet Challenges
A1: শীট ৬: Challenges (সমস্যা ও সমাধান)
A2: Date | B2: Topic | C2: Challenge | D2: Attempt1 | E2: Solution | F2: Learning | G2: Status
A10: Example:
A11: 46300 | B11: Loops | C11: Nested loop কঠিন | D11: ৩০ মিনিট লড়লাম | E11: Pattern ভেঙে বুঝলাম | F11: ছোট করে ভাঙুন | G11: ✅ Resolved

Sheet Settings
B1: শীট ২: Settings (Dropdown-এর তালিকা)
A3: Topic | B3: Level | C3: Source | D3: Status | E3: Difficulty | F3: Phase
A4: Basics | B4: L1 (Copy) | C4: Book | D4: ⬜ Not Started | E4: Easy | F4: Phase 1
A5: Operators | B5: L2 (Modify) | C5: HackerRank | D5: ⏳ In Progress | E5: Medium | F5: Phase 2
A6: Conditions | B6: L3 (Combine) | C6: LeetCode | D6: ✅ Done | E6: Hard | F6: Phase 3
A7: Loops | B7: L4 (Create) | C7: Toph | D7: ❌ Failed | F7: Phase 4
A8: Arrays | C8: GeeksforGeeks | F8: Phase 5
A9: Strings | C9: YouTube | F9: Phase 6
A10: Functions | C10: Self
A11: Pointers | C11: DeepSeek
A12: OOP
A13: STL
A14: DSA
